group_name,tag
방법론,greedy
방법론,dp
방법론,backtracking
방법론,divide_and_conquer
방법론,bruteforcing
방법론,heuristics
자료구조,graphs
자료구조,graph_traversal
자료구조,dfs
자료구조,bfs
자료구조,deque
자료구조,string
자료구조,segtree
자료구조,stack
자료구조,linked_list
자료구조,priority_queue
자료구조,data_structures
자료구조,queue
자료구조,trees
자료구조,tree_set
자료구조,hash_set
자료구조,hashing
정렬과 탐색,dancing_links
정렬과 탐색,knuth_x
정렬과 탐색,graph_traversal
정렬과 탐색,dfs
정렬과 탐색,bfs
정렬과 탐색,recursion
정렬과 탐색,parametric_search
정렬과 탐색,pbs
정렬과 탐색,binary_search
정렬과 탐색,sorting
정렬과 탐색,two_pointer
정렬과 탐색,sliding_window
정렬과 탐색,mitm
정렬과 탐색,sqrt_decomposition
정렬과 탐색,mo
정렬과 탐색,bidirectional_search
정렬과 탐색,offline_queries
정렬과 탐색,lis
트리,hld
트리,lazyprop
트리,multi_segtree
트리,cartesian_tree
트리,rb_tree
트리,link_cut_tree
트리,merge_sort_tree
트리,disjoint_set
트리,segtree
트리,centroid
트리,centroid_decomposition
트리,splay_tree
트리,euler_tour_technique
트리,offline_dynamic_connectivity
트리,priority_queue
트리,smaller_to_larger
트리,lca
트리,top_tree
트리,trees
트리,tree_isomorphism
트리,tree_decomposition
트리,tree_compression
트리,tree_set
트리,pst
그래프,0_1_bfs
그래프,2_sat
그래프,a_star
그래프,scc
그래프,graphs
그래프,articulation
그래프,dijkstra
그래프,dominator_tree
그래프,lgv
그래프,dag
그래프,bellman_ford
그래프,circulation
그래프,cactus
그래프,permutation_cycle_decomposition
그래프,stoer_wagner
그래프,dual_graph
그래프,stable_marriage
그래프,eulerian_path
그래프,tsp
그래프,topological_sorting
그래프,directed_mst
그래프,bipartite_graph
그래프,bipartite_matching
그래프,biconnected_component
그래프,general_matching
그래프,degree_sequence
그래프,shortest_path
그래프,flow
그래프,mfmc
그래프,mcmf
그래프,mst
그래프,flood_fill
그래프,floyd_warshall
그래프,functional_graph
그래프,hungarian
그래프,chordal_graph
그래프,hall
문자열,kmp
문자열,utf8
문자열,z
문자열,rabin_karp
문자열,rope
문자열,manacher
문자열,string
문자열,aho_corasick
문자열,suffix_array
문자열,suffix_tree
문자열,regex
문자열,trie
문자열,parsing
문자열,palindrome_tree
수학,gaussian_elimination
수학,game_theory
수학,gradient_descent
수학,fft
수학,green
수학,linearity_of_expectation
수학,geometry
수학,multipoint_evaluation
수학,polynomial_interpolation
수학,lucas
수학,matroid
수학,randomization
수학,physics
수학,calculus
수학,burnside
수학,bayes
수학,exponentiation_by_squaring
수학,pigeonhole_principle
수학,arithmetic
수학,ternary_search
수학,generating_function
수학,birthday
수학,linear_programming
수학,linear_algebra
수학,numerical_analysis
수학,math
수학,sprague_grundy
수학,simulated_annealing
수학,duality
수학,discrete_kth_root
수학,discrete_log
수학,discrete_sqrt
수학,arbitrary_precision
수학,number_theory
수학,combinatorics
수학,differential_cryptanalysis
수학,statistics
수학,inclusion_and_exclusion
수학,hackenbush
수학,probability
수학,sparse_table
정수론,modular_multiplicative_inverse
정수론,mobius_inversion
정수론,miller_rabin
정수론,primality_test
정수론,sieve
정수론,euler_phi
정수론,euclidean
정수론,number_theory
정수론,crt
정수론,lte
정수론,flt
정수론,pollard_rho
정수론,extended_euclidean
정수론,floor_sum
기하학,geometry_3d
기하학,geometry_hyper
기하학,coordinate_compression
기하학,geometry
기하학,polygon_area
기하학,delaunay
기하학,geometric_boolean_operations
기하학,half_plane_intersection
기하학,voronoi
기하학,convex_hull
기하학,point_in_convex_polygon
기하학,line_intersection
기하학,sweeping
기하학,point_in_non_convex_polygon
기하학,euler_characteristic
기하학,min_enclosing_circle
기하학,planar_graph
기하학,pythagoras
기하학,pick
기하학,rotating_calipers
동적계획법,alien
동적계획법,prefix_sum
동적계획법,dp
동적계획법,monotone_queue_optimization
동적계획법,deque_trick
동적계획법,dp_deque
동적계획법,knapsack
동적계획법,berlekamp_massey
동적계획법,cht
동적계획법,dp_sum_over_subsets
동적계획법,divide_and_conquer_optimization
동적계획법,bitset
동적계획법,bitmask
동적계획법,dp_bitfield
동적계획법,dp_digit
동적계획법,dp_connection_profile
동적계획법,knuth
동적계획법,kitamasa
동적계획법,dp_tree
동적계획법,slope_trick
동적계획법,hirschberg
동적계획법,tsp