markdown_id,title,subtitle,date,writer,file_name
dijkstra,다익스트라 알고리즘,Dijkstra's Algorithm,2024-01-01,CHOYUNSIG,dijkstra.md
disjoint_set,분리 집합,Disjoint Set,2024-01-13,CHOYUNSIG,disjoint_set.md
euler_tour_technique,오일러 경로 테크닉,Euler Tour Technique,2024-01-18,CHOYUNSIG,euler_tour_technique.md
flow,유량 그래프와 최대 유량,Flow Graph and Maximum Flow,2024-02-01,CHOYUNSIG,flow.md
floyd_warshall,플로이드-워셜 알고리즘,Floyd-Warshall Algorithm,2024-01-07,CHOYUNSIG,floyd_warshall.md
hld,Heavy-Light 분할,Heavy-Light Decomposition,2024-01-31,CHOYUNSIG,hld.md
lazyprop,지연 갱신 세그먼트 트리,Segment Tree with Lazy Propagation,2024-01-29,CHOYUNSIG,lazyprop.md
lca,최소 공통 조상,Lowest Common Ancestor,2024-01-20,CHOYUNSIG,lca.md
mst,최소 신장 트리,Minimum Spanning Tree,2024-07-03,CHOYUNSIG,mst.md
priority_queue,우선순위 큐,Prority Queue,2024-01-15,CHOYUNSIG,priority_queue.md
pst,퍼시스턴트 세그먼트 트리,Persistent Segment Tree,2024-01-30,CHOYUNSIG,pst.md
scc,강한 연결 요소,Strongly Connected Component,2024-07-10,CHOYUNSIG,scc.md
segtree,세그먼트 트리,Segment Tree,2024-01-11,CHOYUNSIG,segtree.md
tree_set,이진 검색 트리,Binary Search Tree,2024-07-03,CHOYUNSIG,tree_set.md
trie,트라이,Trie,2024-01-03,CHOYUNSIG,trie.md
bellman_ford,벨만-포드 알고리즘,Bellman-Ford Algorithm,2024-01-07,CHOYUNSIG,bellman_ford.md